datetime,val0,temp,demand
9/30/13 00:00,5410.764,33,3282.644
9/30/13 00:01,5376.479,32,5410.764
9/30/13 00:02,5321.455,30,5376.479
9/30/13 00:03,5238.097,32,5321.455
9/30/13 00:04,5008.435,35,5238.097
9/30/13 00:05,5077.574,34,5008.435
9/30/13 00:06,4915.208,33,5077.574
9/30/13 00:07,4963.269,31,4915.208
9/30/13 00:08,4945.974,34,4963.269
9/30/13 00:09,4915.018,34,4945.974
9/30/13 00:10,4926.078,32,4915.018
9/30/13 00:11,4953.6,33,4926.078
9/30/13 00:12,4960.447,30,4953.6
9/30/13 00:13,4796.563,33,4960.447
9/30/13 00:14,4580.827,30,4796.563
9/30/13 00:15,4611.72,34,4580.827
9/30/13 00:16,4592.887,32,4611.72
9/30/13 00:17,4584.608,32,4592.887
9/30/13 00:18,4441.633,35,4584.608
9/30/13 00:19,4042.853,31,4441.633
9/30/13 00:20,3632.435,31,4042.853
9/30/13 00:21,2833.337,33,3632.435
9/30/13 00:22,2945.904,31,2833.337
9/30/13 00:23,2692.479,30,2945.904
9/30/13 00:24,2754.813,34,2692.479
9/30/13 00:25,2741.573,34,2754.813
9/30/13 00:26,3066.633,33,2741.573
9/30/13 00:27,3204.278,35,3066.633
9/30/13 00:28,3191.47,34,3204.278
9/30/13 00:29,3176.65,32,3191.47
9/30/13 00:30,3164.232,30,3176.65
9/30/13 00:31,3183.855,34,3164.232
9/30/13 00:32,3134.634,34,3183.855
9/30/13 00:33,3144.387,30,3134.634
9/30/13 00:34,3667.151,33,3144.387
9/30/13 00:35,3611.906,32,3667.151
9/30/13 00:36,3680.444,34,3611.906
9/30/13 00:37,3671.459,33,3680.444
9/30/13 00:38,3584.162,30,3671.459
9/30/13 00:39,3590.334,33,3584.162
9/30/13 00:40,3507.502,31,3590.334
9/30/13 00:41,3502.109,31,3507.502
9/30/13 00:42,3533.234,34,3502.109
9/30/13 00:43,3509.346,33,3533.234
9/30/13 00:44,3473.365,30,3509.346
9/30/13 00:45,3483.213,35,3473.365
9/30/13 00:46,3499.36,32,3483.213
9/30/13 00:47,3521.174,30,3499.36
9/30/13 00:48,3485.13,32,3521.174
9/30/13 00:49,3414.527,31,3485.13
9/30/13 00:50,3412.273,32,3414.527
9/30/13 00:51,3395.663,32,3412.273
9/30/13 00:52,3386.963,31,3395.663
9/30/13 00:53,3441.26,31,3386.963
9/30/13 00:54,3412.568,31,3441.26
9/30/13 00:55,3426.229,33,3412.568
9/30/13 00:56,3369.373,35,3426.229
9/30/13 00:57,3274.691,35,3369.373
9/30/13 00:58,3356.027,31,3274.691
9/30/13 00:59,3355.416,30,3356.027
9/30/13 01:00,3318.203,34,3355.416
9/30/13 01:01,3302.372,30,3318.203
9/30/13 01:02,3297.6,31,3302.372
9/30/13 01:03,3246.452,33,3297.6
9/30/13 01:04,3256.701,32,3246.452
9/30/13 01:05,3209.418,34,3256.701
9/30/13 01:06,3238.753,32,3209.418
9/30/13 01:07,2969.097,33,3238.753
9/30/13 01:08,2943.038,35,2969.097
9/30/13 01:09,2885.928,35,2943.038
9/30/13 01:10,2873.352,30,2885.928
9/30/13 01:11,2940.974,34,2873.352
9/30/13 01:12,2922.583,32,2940.974
9/30/13 01:13,2906.583,31,2922.583
9/30/13 01:14,2866.621,35,2906.583
9/30/13 01:15,2935.181,35,2866.621
9/30/13 01:16,2889.236,34,2935.181
9/30/13 01:17,3062.293,35,2889.236
9/30/13 01:18,3134.834,35,3062.293
9/30/13 01:19,3098.664,30,3134.834
9/30/13 01:20,3094.05,32,3098.664
9/30/13 01:21,3069.361,33,3094.05
9/30/13 01:22,3056.342,33,3069.361
9/30/13 01:23,3074.87,30,3056.342
9/30/13 01:24,3034.96,34,3074.87
9/30/13 01:25,3087.098,34,3034.96
9/30/13 01:26,3058.817,35,3087.098
9/30/13 01:27,3075.912,33,3058.817
9/30/13 01:28,3057.543,33,3075.912
9/30/13 01:29,3032.169,30,3057.543
9/30/13 01:30,3086.824,32,3032.169
9/30/13 01:31,3059.976,33,3086.824
9/30/13 01:32,3040.363,35,3059.976
9/30/13 01:33,3058.154,34,3040.363
9/30/13 01:34,3058.585,34,3058.154
9/30/13 01:35,3024.996,35,3058.585
9/30/13 01:36,3042.723,34,3024.996
9/30/13 01:37,3060.524,35,3042.723
9/30/13 01:38,3035.044,35,3060.524
9/30/13 01:39,3039.394,32,3035.044
9/30/13 01:40,3040.964,30,3039.394
9/30/13 01:41,3009.312,32,3040.964
9/30/13 01:42,3030.031,35,3009.312
9/30/13 01:43,3045.798,35,3030.031
9/30/13 01:44,3054.372,30,3045.798
9/30/13 01:45,3046.283,34,3054.372
9/30/13 01:46,3046.367,31,3046.283
9/30/13 01:47,3083.507,33,3046.367
9/30/13 01:48,3077.408,30,3083.507
9/30/13 01:49,3063.694,35,3077.408
9/30/13 01:50,3085.982,35,3063.694
9/30/13 01:51,3075.997,30,3085.982
9/30/13 01:52,3022.615,33,3075.997
9/30/13 01:53,3108.796,31,3022.615
9/30/13 01:54,3066.58,30,3108.796
9/30/13 01:55,3050.665,34,3066.58
9/30/13 01:56,3044.692,34,3050.665
9/30/13 01:57,3068.961,33,3044.692
9/30/13 01:58,3075.323,34,3068.961
9/30/13 01:59,3084.76,33,3075.323
9/30/13 02:00,3073.395,33,3084.76
9/30/13 02:01,3093.344,34,3073.395
9/30/13 02:02,3064.221,33,3093.344
9/30/13 02:03,3084.223,31,3064.221
9/30/13 02:04,3062.03,33,3084.223
9/30/13 02:05,3041.806,35,3062.03
9/30/13 02:06,3084.128,31,3041.806
9/30/13 02:07,3054.72,34,3084.128
9/30/13 02:08,3028.746,33,3054.72
9/30/13 02:09,3000.391,31,3028.746
9/30/13 02:10,3004.119,30,3000.391
9/30/13 02:11,3061.946,32,3004.119
9/30/13 02:12,3015.548,33,3061.946
9/30/13 02:13,2993.365,30,3015.548
9/30/13 02:14,2925.691,31,2993.365
9/30/13 02:15,2972.815,35,2925.691
9/30/13 02:16,2991.322,33,2972.815
9/30/13 02:17,3052.434,30,2991.322
9/30/13 02:18,3036.698,32,3052.434
9/30/13 02:19,3013.852,33,3036.698
9/30/13 02:20,3029.736,33,3013.852
9/30/13 02:21,3012.103,33,3029.736
9/30/13 02:22,3042.091,31,3012.103
9/30/13 02:23,3031.716,30,3042.091
9/30/13 02:24,3030.283,33,3031.716
9/30/13 02:25,3013.915,34,3030.283
9/30/13 02:26,2986.023,30,3013.915
9/30/13 02:27,2991.722,32,2986.023
9/30/13 02:28,3005.394,35,2991.722
9/30/13 02:29,3004.783,35,3005.394
9/30/13 02:30,3028.714,33,3004.783
9/30/13 02:31,2993.607,30,3028.714
9/30/13 02:32,3000.117,32,2993.607
9/30/13 02:33,3018.307,35,3000.117
9/30/13 02:34,3009.712,33,3018.307
9/30/13 02:35,2996.925,35,3009.712
9/30/13 02:36,3009.565,31,2996.925
9/30/13 02:37,3019.813,30,3009.565
9/30/13 02:38,3005.51,31,3019.813
9/30/13 02:39,2981.452,33,3005.51
9/30/13 02:40,3007.29,30,2981.452
9/30/13 02:41,3026.765,34,3007.29
9/30/13 02:42,2993.997,30,3026.765
9/30/13 02:43,2974.764,30,2993.997
9/30/13 02:44,3022.162,35,2974.764
9/30/13 02:45,3023.163,31,3022.162
9/30/13 02:46,2937.846,31,3023.163
9/30/13 02:47,2999.99,30,2937.846
9/30/13 02:48,2980.926,35,2999.99
9/30/13 02:49,2987.867,32,2980.926
9/30/13 02:50,2992.164,33,2987.867
9/30/13 02:51,3024.848,35,2992.164
9/30/13 02:52,3029.904,30,3024.848
9/30/13 02:53,3001.613,34,3029.904
9/30/13 02:54,3043.903,35,3001.613
9/30/13 02:55,2997.621,30,3043.903
9/30/13 02:56,2950.801,33,2997.621
9/30/13 02:57,2959.249,34,2950.801
9/30/13 02:58,2914.631,32,2959.249
9/30/13 02:59,2927.681,31,2914.631
9/30/13 03:00,2943.47,30,2927.681
9/30/13 03:01,2938.341,35,2943.47
9/30/13 03:02,2921.151,34,2938.341
9/30/13 03:03,2920.814,35,2921.151
9/30/13 03:04,2917.296,34,2920.814
9/30/13 03:05,2930.673,32,2917.296
9/30/13 03:06,2929.398,35,2930.673
9/30/13 03:07,2911.081,30,2929.398
9/30/13 03:08,2878.376,32,2911.081
9/30/13 03:09,2935.381,35,2878.376
9/30/13 03:10,2916.285,35,2935.381
9/30/13 03:11,2902.181,32,2916.285
9/30/13 03:12,2919.466,35,2902.181
9/30/13 03:13,2941.174,35,2919.466
9/30/13 03:14,2949.958,34,2941.174
9/30/13 03:15,2956.468,34,2949.958
9/30/13 03:16,2877.27,35,2956.468
9/30/13 03:17,2920.34,35,2877.27
9/30/13 03:18,2874.205,30,2920.34
9/30/13 03:19,2896.756,34,2874.205
9/30/13 03:20,2907.321,32,2896.756
9/30/13 03:21,2890.616,30,2907.321
9/30/13 03:22,2870.877,31,2890.616
9/30/13 03:23,2883.084,30,2870.877
9/30/13 03:24,2904.319,32,2883.084
9/30/13 03:25,2889.173,34,2904.319
9/30/13 03:26,2924.69,34,2889.173
9/30/13 03:27,2877.07,32,2924.69
9/30/13 03:28,2896.651,33,2877.07
9/30/13 03:29,2906.152,32,2896.651
9/30/13 03:30,2842.311,35,2906.152
9/30/13 03:31,2916.453,30,2842.311
9/30/13 03:32,2905.004,33,2916.453
9/30/13 03:33,2900.769,33,2905.004
9/30/13 03:34,2893.449,34,2900.769
9/30/13 03:35,2942.448,35,2893.449
9/30/13 03:36,2893.912,31,2942.448
9/30/13 03:37,2909.017,33,2893.912
9/30/13 03:38,2865.421,31,2909.017
9/30/13 03:39,2930.957,32,2865.421
9/30/13 03:40,2894.934,35,2930.957
9/30/13 03:41,2870.835,35,2894.934
9/30/13 03:42,2890.036,33,2870.835
9/30/13 03:43,2861.745,35,2890.036
9/30/13 03:44,2868.875,33,2861.745
9/30/13 03:45,2872.731,33,2868.875
9/30/13 03:46,2896.567,30,2872.731
9/30/13 03:47,2899.369,34,2896.567
9/30/13 03:48,2971.467,32,2899.369
9/30/13 03:49,2900.896,32,2971.467
9/30/13 03:50,2900.633,31,2900.896
9/30/13 03:51,2884.117,35,2900.633
9/30/13 03:52,2870.508,32,2884.117
9/30/13 03:53,2894.523,30,2870.508
9/30/13 03:54,2930.578,32,2894.523
9/30/13 03:55,2940.447,31,2930.578
9/30/13 03:56,2898.831,31,2940.447
9/30/13 03:57,2937.287,33,2898.831
9/30/13 03:58,2919.276,32,2937.287
9/30/13 03:59,2917.306,35,2919.276
9/30/13 04:00,2965.284,35,2917.306
9/30/13 04:01,2923.7,33,2965.284
9/30/13 04:02,2921.835,32,2923.7
9/30/13 04:03,2902.444,33,2921.835
9/30/13 04:04,2950.243,31,2902.444
9/30/13 04:05,2912.103,34,2950.243
9/30/13 04:06,2913.325,30,2912.103
9/30/13 04:07,2952.329,31,2913.325
9/30/13 04:08,2948.558,34,2952.329
9/30/13 04:09,2967.854,33,2948.558
9/30/13 04:10,2904.509,30,2967.854
9/30/13 04:11,2956.668,33,2904.509
9/30/13 04:12,2978.44,32,2956.668
9/30/13 04:13,2937.962,31,2978.44
9/30/13 04:14,2921.993,35,2937.962
9/30/13 04:15,2964.557,34,2921.993
9/30/13 04:16,2935.244,34,2964.557
9/30/13 04:17,2985.581,31,2935.244
9/30/13 04:18,2954.414,33,2985.581
9/30/13 04:19,2937.551,31,2954.414
9/30/13 04:20,2969.655,35,2937.551
9/30/13 04:21,2986.023,35,2969.655
9/30/13 04:22,2964.61,32,2986.023
9/30/13 04:23,2964.589,34,2964.61
9/30/13 04:24,2996.946,34,2964.589
9/30/13 04:25,2942.333,30,2996.946
9/30/13 04:26,2957.237,30,2942.333
9/30/13 04:27,2967.938,35,2957.237
9/30/13 04:28,2978.05,31,2967.938
9/30/13 04:29,3020.393,31,2978.05
9/30/13 04:30,2978.977,33,3020.393
9/30/13 04:31,3019.866,30,2978.977
9/30/13 04:32,2995.988,34,3019.866
9/30/13 04:33,3007.616,31,2995.988
9/30/13 04:34,3048.116,32,3007.616
9/30/13 04:35,3069.361,30,3048.116
9/30/13 04:36,3086.256,35,3069.361
9/30/13 04:37,3047.052,32,3086.256
9/30/13 04:38,3072.036,31,3047.052
9/30/13 04:39,3046.178,34,3072.036
9/30/13 04:40,3111.883,35,3046.178
9/30/13 04:41,3126.039,35,3111.883
9/30/13 04:42,3075.828,35,3126.039
9/30/13 04:43,3073.058,32,3075.828
9/30/13 04:44,3079.536,32,3073.058
9/30/13 04:45,3075.881,35,3079.536
9/30/13 04:46,3143.323,31,3075.881
9/30/13 04:47,3103.182,34,3143.323
9/30/13 04:48,3139.195,34,3103.182
9/30/13 04:49,3115.063,33,3139.195
9/30/13 04:50,3105.826,34,3115.063
9/30/13 04:51,3182.159,35,3105.826
9/30/13 04:52,3163.821,34,3182.159
9/30/13 04:53,3140.722,30,3163.821
9/30/13 04:54,3154.036,35,3140.722
9/30/13 04:55,3170.93,33,3154.036
9/30/13 04:56,3170.952,31,3170.93
9/30/13 04:57,3193.587,33,3170.952
9/30/13 04:58,3226.872,31,3193.587
9/30/13 04:59,3209.176,31,3226.872
9/30/13 05:00,3199.717,32,3209.176
9/30/13 05:01,3258.923,30,3199.717
9/30/13 05:02,3263,31,3258.923
9/30/13 05:03,3280.927,30,3263
9/30/13 05:04,3320.626,32,3280.927
9/30/13 05:05,3359.787,33,3320.626
9/30/13 05:06,3366.866,33,3359.787
9/30/13 05:07,3445.442,32,3366.866
9/30/13 05:08,3429.769,33,3445.442
9/30/13 05:09,3430.601,30,3429.769
9/30/13 05:10,3389.238,35,3430.601
9/30/13 05:11,3403.447,33,3389.238
9/30/13 05:12,3439.227,34,3403.447
9/30/13 05:13,3481.022,32,3439.227
9/30/13 05:14,3534.193,31,3481.022
9/30/13 05:15,3476.419,32,3534.193
9/30/13 05:16,3450.097,33,3476.419
9/30/13 05:17,3537.016,32,3450.097
9/30/13 05:18,3624.187,30,3537.016
9/30/13 05:19,3690.924,31,3624.187
9/30/13 05:20,3648.339,31,3690.924
9/30/13 05:21,3635.584,33,3648.339
9/30/13 05:22,3677,35,3635.584
9/30/13 05:23,3698.74,30,3677
9/30/13 05:24,3704.522,33,3698.74
9/30/13 05:25,3779.212,30,3704.522
9/30/13 05:26,3782.404,35,3779.212
9/30/13 05:27,3877.053,35,3782.404
9/30/13 05:28,3911.78,34,3877.053
9/30/13 05:29,3888.06,30,3911.78
9/30/13 05:30,3971.724,34,3888.06
9/30/13 05:31,4027.348,35,3971.724
9/30/13 05:32,4123.915,30,4027.348
9/30/13 05:33,4504.757,34,4123.915
9/30/13 05:34,4679.11,34,4504.757
9/30/13 05:35,4691.35,33,4679.11
9/30/13 05:36,4682.649,34,4691.35
9/30/13 05:37,4748.122,35,4682.649
9/30/13 05:38,4761.815,35,4748.122
9/30/13 05:39,4798.586,30,4761.815
9/30/13 05:40,4854.105,34,4798.586
9/30/13 05:41,4912.3,35,4854.105
9/30/13 05:42,4964.186,31,4912.3
9/30/13 05:43,4946.754,32,4964.186
9/30/13 05:44,5017.525,31,4946.754
9/30/13 05:45,5128.616,35,5017.525
9/30/13 05:46,5111.774,32,5128.616
9/30/13 05:47,5220.359,34,5111.774
9/30/13 05:48,5178.206,30,5220.359
9/30/13 05:49,5188.307,30,5178.206
9/30/13 05:50,5170.623,34,5188.307
9/30/13 05:51,5161.669,30,5170.623
9/30/13 05:52,5239.571,34,5161.669
9/30/13 05:53,5338.676,30,5239.571
9/30/13 05:54,5360.753,33,5338.676
9/30/13 05:55,5321.866,33,5360.753
9/30/13 05:56,5527.817,30,5321.866
9/30/13 05:57,5683.211,34,5527.817
9/30/13 05:58,5658.943,31,5683.211
9/30/13 05:59,5592.743,30,5658.943
9/30/13 06:00,5721.446,35,5592.743
9/30/13 06:01,5848.6,34,5721.446
9/30/13 06:02,5950.423,31,5848.6
9/30/13 06:03,5965.991,30,5950.423
9/30/13 06:04,6061.62,31,5965.991
9/30/13 06:05,6082.412,33,6061.62
9/30/13 06:06,6065.043,35,6082.412
9/30/13 06:07,6084.319,35,6065.043
9/30/13 06:08,6169.794,32,6084.319
9/30/13 06:09,6078.81,32,6169.794
9/30/13 06:10,6163.348,31,6078.81
9/30/13 06:11,6227.726,31,6163.348
9/30/13 06:12,6162.463,30,6227.726
9/30/13 06:13,6065.159,32,6162.463
9/30/13 06:14,6016.865,30,6065.159
9/30/13 06:15,5918.897,35,6016.865
9/30/13 06:16,5978.831,33,5918.897
9/30/13 06:17,5907.216,33,5978.831
9/30/13 06:18,5920.815,30,5907.216
9/30/13 06:19,6022.964,32,5920.815
9/30/13 06:20,6077.798,31,6022.964
9/30/13 06:21,6081.433,33,6077.798
9/30/13 06:22,6096.6,30,6081.433
9/30/13 06:23,6128.02,33,6096.6
9/30/13 06:24,6186.857,34,6128.02
9/30/13 06:25,6353.553,34,6186.857
9/30/13 06:26,6483.214,30,6353.553
9/30/13 06:27,6493.937,34,6483.214
9/30/13 06:28,6496.191,35,6493.937
9/30/13 06:29,6477.906,34,6496.191
9/30/13 06:30,6508.177,35,6477.906
9/30/13 06:31,6569.795,31,6508.177
9/30/13 06:32,6619.332,33,6569.795
9/30/13 06:33,6595.602,35,6619.332
9/30/13 06:34,6651.3,35,6595.602
9/30/13 06:35,6654.765,34,6651.3
9/30/13 06:36,6708.157,30,6654.765
9/30/13 06:37,6707.473,32,6708.157
9/30/13 06:38,6715.393,33,6707.473
9/30/13 06:39,6768.395,35,6715.393
9/30/13 06:40,6767.037,30,6768.395
9/30/13 06:41,6804.903,34,6767.037
9/30/13 06:42,6744.78,33,6804.903
9/30/13 06:43,6800.921,31,6744.78
9/30/13 06:44,6836.554,33,6800.921
9/30/13 06:45,6776.053,34,6836.554
9/30/13 06:46,6879.697,31,6776.053
9/30/13 06:47,6754.355,31,6879.697
9/30/13 06:48,6802.88,30,6754.355
9/30/13 06:49,6790.999,33,6802.88
9/30/13 06:50,6807.104,33,6790.999
9/30/13 06:51,6765.067,32,6807.104
9/30/13 06:52,6713.771,34,6765.067
9/30/13 06:53,6702.575,32,6713.771
9/30/13 06:54,6699.868,30,6702.575
9/30/13 06:55,6757.494,32,6699.868
9/30/13 06:56,6764.435,31,6757.494
9/30/13 06:57,6812.613,35,6764.435
9/30/13 06:58,6753.607,35,6812.613
9/30/13 06:59,6841.537,34,6753.607
9/30/13 07:00,6778.813,34,6841.537
9/30/13 07:01,6850.721,32,6778.813
9/30/13 07:02,6855.861,35,6850.721
9/30/13 07:03,6956.747,35,6855.861
9/30/13 07:04,6918.723,32,6956.747
9/30/13 07:05,6889.852,32,6918.723
9/30/13 07:06,6918.27,34,6889.852
9/30/13 07:07,6966.395,33,6918.27
9/30/13 07:08,6845.76,33,6966.395
9/30/13 07:09,6902.133,35,6845.76
9/30/13 07:10,6908.21,31,6902.133
9/30/13 07:11,6887.166,31,6908.21
9/30/13 07:12,6929.803,32,6887.166
9/30/13 07:13,6939.957,34,6929.803
9/30/13 07:14,6879.245,30,6939.957
9/30/13 07:15,6955.862,33,6879.245
9/30/13 07:16,6901.543,33,6955.862
9/30/13 07:17,6901.312,30,6901.543
9/30/13 07:18,6902.997,35,6901.312
9/30/13 07:19,6892.337,34,6902.997
9/30/13 07:20,6948.268,32,6892.337
9/30/13 07:21,6918.807,30,6948.268
9/30/13 07:22,6998.342,31,6918.807
9/30/13 07:23,6888.177,33,6998.342
9/30/13 07:24,6845.96,32,6888.177
9/30/13 07:25,6901.585,33,6845.96
9/30/13 07:26,6938.704,30,6901.585
9/30/13 07:27,6894.444,31,6938.704
9/30/13 07:28,6893.085,30,6894.444
9/30/13 07:29,6883.563,32,6893.085
9/30/13 07:30,6919.586,32,6883.563
9/30/13 07:31,6881.31,30,6919.586
9/30/13 07:32,6862.876,34,6881.31
9/30/13 07:33,6906.083,34,6862.876
9/30/13 07:34,6880.487,30,6906.083
9/30/13 07:35,6814.035,31,6880.487
9/30/13 07:36,6857.736,34,6814.035
9/30/13 07:37,6806.999,32,6857.736
9/30/13 07:38,6757.157,33,6806.999
9/30/13 07:39,6809.011,33,6757.157
9/30/13 07:40,6791.505,32,6809.011
9/30/13 07:41,6726.021,34,6791.505
9/30/13 07:42,6688.502,32,6726.021
9/30/13 07:43,6785.132,35,6688.502
9/30/13 07:44,6752.301,31,6785.132
9/30/13 07:45,6644.843,30,6752.301
9/30/13 07:46,6654.934,33,6644.843
9/30/13 07:47,6668.774,35,6654.934
9/30/13 07:48,6600.899,33,6668.774
9/30/13 07:49,6600.457,35,6600.899
9/30/13 07:50,6618.447,31,6600.457
9/30/13 07:51,6650.752,31,6618.447
9/30/13 07:52,6569.816,35,6650.752
9/30/13 07:53,6548.077,31,6569.816
9/30/13 07:54,6576.389,34,6548.077
9/30/13 07:55,6555.934,32,6576.389
9/30/13 07:56,6565.75,35,6555.934
9/30/13 07:57,6624.083,33,6565.75
9/30/13 07:58,6599.941,31,6624.083
9/30/13 07:59,6556.408,30,6599.941
9/30/13 08:00,6600.12,30,6556.408
9/30/13 08:01,6616.857,30,6600.12
9/30/13 08:02,6601.805,32,6616.857
9/30/13 08:03,6613.16,35,6601.805
9/30/13 08:04,6617.773,32,6613.16
9/30/13 08:05,6606.071,32,6617.773
9/30/13 08:06,6704.334,32,6606.071
9/30/13 08:07,6662.771,31,6704.334
9/30/13 08:08,6715.393,35,6662.771
9/30/13 08:09,6599.34,32,6715.393
9/30/13 08:10,6612.96,33,6599.34
9/30/13 08:11,6595.569,34,6612.96
9/30/13 08:12,6556.882,35,6595.569
9/30/13 08:13,6628.77,32,6556.882
9/30/13 08:14,6656.65,31,6628.77
9/30/13 08:15,6610.369,33,6656.65
9/30/13 08:16,6641.63,33,6610.369
9/30/13 08:17,6579.96,30,6641.63
9/30/13 08:18,6565.593,31,6579.96
9/30/13 08:19,6583.541,35,6565.593
9/30/13 08:20,6588.134,34,6583.541
9/30/13 08:21,6611.833,35,6588.134
9/30/13 08:22,6586.627,33,6611.833
9/30/13 08:23,6588.871,34,6586.627
9/30/13 08:24,6587.28,34,6588.871
9/30/13 08:25,6589.355,34,6587.28
9/30/13 08:26,6587.501,30,6589.355
9/30/13 08:27,6610.105,33,6587.501
9/30/13 08:28,6688.071,30,6610.105
9/30/13 08:29,6574.63,35,6688.071
9/30/13 08:30,6633.815,32,6574.63
9/30/13 08:31,6674.398,31,6633.815
9/30/13 08:32,6579.001,30,6674.398
9/30/13 08:33,6613.95,35,6579.001
9/30/13 08:34,6623.135,35,6613.95
9/30/13 08:35,6608.578,35,6623.135
9/30/13 08:36,6594.032,35,6608.578
9/30/13 08:37,6641.051,34,6594.032
9/30/13 08:38,6635.3,30,6641.051
9/30/13 08:39,6702.659,34,6635.3
9/30/13 08:40,6607.398,31,6702.659
9/30/13 08:41,6639.619,34,6607.398
9/30/13 08:42,6647.065,32,6639.619
9/30/13 08:43,6597.002,35,6647.065
9/30/13 08:44,6599.383,33,6597.002
9/30/13 08:45,6565.75,35,6599.383
9/30/13 08:46,6578.833,32,6565.75
9/30/13 08:47,6552.785,33,6578.833
9/30/13 08:48,6650.521,31,6552.785
9/30/13 08:49,6609.947,33,6650.521
9/30/13 08:50,6632.309,30,6609.947
9/30/13 08:51,6580.381,33,6632.309
9/30/13 08:52,6515.213,31,6580.381
9/30/13 08:53,6597.982,32,6515.213
9/30/13 08:54,6480.992,30,6597.982
9/30/13 08:55,6410.916,32,6480.992
9/30/13 08:56,6384.172,30,6410.916
9/30/13 08:57,6417.983,30,6384.172
9/30/13 08:58,6461.664,35,6417.983
9/30/13 08:59,6369.057,34,6461.664
9/30/13 09:00,6423.45,34,6369.057
9/30/13 09:01,6447.476,30,6423.45
9/30/13 09:02,6372.87,34,6447.476
9/30/13 09:03,6477.084,32,6372.87
9/30/13 09:04,6390.271,35,6477.084
9/30/13 09:05,6390.366,33,6390.271
9/30/13 09:06,6415.329,35,6390.366
9/30/13 09:07,6439.818,35,6415.329
9/30/13 09:08,6384.457,33,6439.818
9/30/13 09:09,6346.264,33,6384.457
9/30/13 09:10,6369.889,33,6346.264
9/30/13 09:11,6379.127,30,6369.889
9/30/13 09:12,6306.165,33,6379.127
9/30/13 09:13,6343.958,32,6306.165
9/30/13 09:14,6353.753,33,6343.958
9/30/13 09:15,6122.754,30,6353.753
9/30/13 09:16,6051.182,35,6122.754
9/30/13 09:17,6087.605,35,6051.182
9/30/13 09:18,6062.768,35,6087.605
9/30/13 09:19,6021.226,34,6062.768
9/30/13 09:20,5982.18,30,6021.226
9/30/13 09:21,6001.424,31,5982.18
9/30/13 09:22,5989.954,31,6001.424
9/30/13 09:23,5963.474,31,5989.954
9/30/13 09:24,5969.583,32,5963.474
9/30/13 09:25,5942.154,34,5969.583
9/30/13 09:26,5909.745,33,5942.154
9/30/13 09:27,5960.545,33,5909.745
9/30/13 09:28,6026.46,32,5960.545
9/30/13 09:29,6135.003,34,6026.46
9/30/13 09:30,6128.389,33,6135.003
9/30/13 09:31,5997.084,32,6128.389
9/30/13 09:32,6047.769,33,5997.084
9/30/13 09:33,6090.133,30,6047.769
9/30/13 09:34,6089.322,33,6090.133
9/30/13 09:35,6124.133,30,6089.322
9/30/13 09:36,6128.452,35,6124.133
9/30/13 09:37,6231.275,33,6128.452
9/30/13 09:38,6246.021,35,6231.275
9/30/13 09:39,6261.863,33,6246.021
9/30/13 09:40,6271.796,35,6261.863
9/30/13 09:41,6260.546,33,6271.796
9/30/13 09:42,6296.338,34,6260.546
9/30/13 09:43,6225.387,30,6296.338
9/30/13 09:44,6243.683,33,6225.387
9/30/13 09:45,6176.303,33,6243.683
9/30/13 09:46,6149.023,31,6176.303
9/30/13 09:47,6148.148,31,6149.023
9/30/13 09:48,6162.042,32,6148.148
9/30/13 09:49,6202.383,30,6162.042
9/30/13 09:50,6157.744,31,6202.383
9/30/13 09:51,6174.102,34,6157.744
9/30/13 09:52,6156.08,32,6174.102
9/30/13 09:53,6143.43,30,6156.08
9/30/13 09:54,6131.833,30,6143.43
9/30/13 09:55,6121.542,31,6131.833
9/30/13 09:56,6164.075,34,6121.542
9/30/13 09:57,6217.729,30,6164.075
9/30/13 09:58,6140.481,35,6217.729
9/30/13 09:59,6174.113,32,6140.481
9/30/13 10:00,6167.845,32,6174.113
9/30/13 10:01,6157.439,32,6167.845
9/30/13 10:02,6127.398,35,6157.439
9/30/13 10:03,6135.952,31,6127.398
9/30/13 10:04,6206.449,31,6135.952
9/30/13 10:05,6123.828,35,6206.449
9/30/13 10:06,6125.029,30,6123.828
9/30/13 10:07,6068.909,31,6125.029
9/30/13 10:08,5964.59,35,6068.909
9/30/13 10:09,5978.304,30,5964.59
9/30/13 10:10,6022.416,31,5978.304
9/30/13 10:11,6012.958,30,6022.416
9/30/13 10:12,6028.23,30,6012.958
9/30/13 10:13,6119.004,30,6028.23
9/30/13 10:14,6089.417,33,6119.004
9/30/13 10:15,6092.187,35,6089.417
9/30/13 10:16,6089.132,35,6092.187
9/30/13 10:17,6139.122,35,6089.132
9/30/13 10:18,6106.944,32,6139.122
9/30/13 10:19,6075.776,35,6106.944
9/30/13 10:20,6050.992,31,6075.776
9/30/13 10:21,6096.294,32,6050.992
9/30/13 10:22,6093.746,34,6096.294
9/30/13 10:23,6110.229,33,6093.746
9/30/13 10:24,6140.786,31,6110.229
9/30/13 10:25,6124.418,31,6140.786
9/30/13 10:26,6140.807,32,6124.418
9/30/13 10:27,6174.555,34,6140.807
9/30/13 10:28,6170.278,35,6174.555
9/30/13 10:29,6122.732,31,6170.278
9/30/13 10:30,6077.04,30,6122.732
9/30/13 10:31,6138.964,34,6077.04
9/30/13 10:32,6088.163,35,6138.964
9/30/13 10:33,6104.468,33,6088.163
9/30/13 10:34,6110.957,31,6104.468
9/30/13 10:35,6135.646,33,6110.957
9/30/13 10:36,6206.617,32,6135.646
9/30/13 10:37,6224.713,30,6206.617
9/30/13 10:38,6187.974,35,6224.713
9/30/13 10:39,6192.503,35,6187.974
9/30/13 10:40,6134.572,33,6192.503
9/30/13 10:41,6140.554,31,6134.572
9/30/13 10:42,6133.624,34,6140.554
9/30/13 10:43,6117.961,31,6133.624
9/30/13 10:44,6121.605,35,6117.961
9/30/13 10:45,6106.28,34,6121.605
9/30/13 10:46,6200.266,30,6106.28
9/30/13 10:47,6168.941,33,6200.266
9/30/13 10:48,6118.562,31,6168.941
9/30/13 10:49,6116.613,30,6118.562
9/30/13 10:50,6103.984,35,6116.613
9/30/13 10:51,6128.895,33,6103.984
9/30/13 10:52,6149.139,30,6128.895
9/30/13 10:53,6265.118,35,6149.139
9/30/13 10:54,6180.78,31,6265.118
9/30/13 10:55,6140.123,32,6180.78
9/30/13 10:56,6106.712,35,6140.123
9/30/13 10:57,6096.948,33,6106.712
9/30/13 10:58,6097.685,34,6096.948
9/30/13 10:59,6027.072,31,6097.685
9/30/13 11:00,6028.599,35,6027.072
9/30/13 11:01,6097.59,34,6028.599
9/30/13 11:02,6060.25,34,6097.59
9/30/13 11:03,6037.531,34,6060.25
9/30/13 11:04,6008.766,33,6037.531
9/30/13 11:05,6126.84,33,6008.766
9/30/13 11:06,6064.706,30,6126.84
9/30/13 11:07,6076.145,30,6064.706
9/30/13 11:08,6055.732,30,6076.145
9/30/13 11:09,6120.647,32,6055.732
9/30/13 11:10,6176.314,35,6120.647
9/30/13 11:11,6249.855,34,6176.314
9/30/13 11:12,6273.839,33,6249.855
9/30/13 11:13,6334.33,30,6273.839
9/30/13 11:14,6262.348,33,6334.33
9/30/13 11:15,6296.643,31,6262.348
9/30/13 11:16,6237.353,35,6296.643
9/30/13 11:17,6340.145,35,6237.353
9/30/13 11:18,6304.638,35,6340.145
9/30/13 11:19,6283.424,31,6304.638
9/30/13 11:20,6279.759,34,6283.424
9/30/13 11:21,6269.468,31,6279.759
9/30/13 11:22,6323.112,34,6269.468
9/30/13 11:23,6341.082,35,6323.112
9/30/13 11:24,6290.271,34,6341.082
9/30/13 11:25,6268.815,35,6290.271
9/30/13 11:26,6281.117,31,6268.815
9/30/13 11:27,6281.191,32,6281.117
9/30/13 11:28,6240.176,31,6281.191
9/30/13 11:29,6336.016,32,6240.176
9/30/13 11:30,6314.486,32,6336.016
9/30/13 11:31,6256.06,33,6314.486
9/30/13 11:32,6241.05,31,6256.06
9/30/13 11:33,6217.298,32,6241.05
9/30/13 11:34,6188.005,33,6217.298
9/30/13 11:35,6178.231,30,6188.005
9/30/13 11:36,6199.444,35,6178.231
9/30/13 11:37,6215.328,31,6199.444
9/30/13 11:38,6129.305,31,6215.328
9/30/13 11:39,6165.728,33,6129.305
9/30/13 11:40,6167.961,32,6165.728
9/30/13 11:41,6158.787,32,6167.961
9/30/13 11:42,6143.798,35,6158.787
9/30/13 11:43,6159.282,34,6143.798
9/30/13 11:44,6160.346,30,6159.282
9/30/13 11:45,6131.938,32,6160.346
9/30/13 11:46,6161.115,30,6131.938
9/30/13 11:47,6217.604,30,6161.115
9/30/13 11:48,6251.34,33,6217.604
9/30/13 11:49,6125.45,32,6251.34
9/30/13 11:50,6173.017,32,6125.45
9/30/13 11:51,6142.882,30,6173.017
9/30/13 11:52,6145.558,30,6142.882
9/30/13 11:53,6162.442,30,6145.558
9/30/13 11:54,6161.041,35,6162.442
9/30/13 11:55,6140.618,33,6161.041
9/30/13 11:56,6116.275,32,6140.618
9/30/13 11:57,6062.578,35,6116.275
9/30/13 11:58,6017.139,31,6062.578
9/30/13 11:59,6095.6,31,6017.139
9/30/13 12:00,6069.393,33,6095.6
9/30/13 12:01,6088.764,34,6069.393
9/30/13 12:02,6075.745,31,6088.764
9/30/13 12:03,6050.529,30,6075.745
9/30/13 12:04,6137.974,34,6050.529
9/30/13 12:05,6032.338,30,6137.974
9/30/13 12:06,6006.353,32,6032.338
9/30/13 12:07,5994.356,31,6006.353
9/30/13 12:08,6025.439,34,5994.356
9/30/13 12:09,5983.823,34,6025.439
9/30/13 12:10,5958.976,32,5983.823
9/30/13 12:11,5965.169,31,5958.976
9/30/13 12:12,5982.285,32,5965.169
9/30/13 12:13,5996.579,30,5982.285
9/30/13 12:14,5983.265,34,5996.579
9/30/13 12:15,5923.08,30,5983.265
9/30/13 12:16,5945.988,31,5923.08
9/30/13 12:17,5937.246,32,5945.988
9/30/13 12:18,5916.886,33,5937.246
9/30/13 12:19,5902.192,31,5916.886
9/30/13 12:20,5875.175,33,5902.192
9/30/13 12:21,5879.567,32,5875.175
9/30/13 12:22,5882.738,32,5879.567
9/30/13 12:23,5911.545,32,5882.738
9/30/13 12:24,5945.431,32,5911.545
9/30/13 12:25,5855.542,32,5945.431
9/30/13 12:26,5875.902,32,5855.542
9/30/13 12:27,5852.761,31,5875.902
9/30/13 12:28,5850.644,34,5852.761
9/30/13 12:29,5954.194,34,5850.644
9/30/13 12:30,5833.349,35,5954.194
9/30/13 12:31,5801.202,35,5833.349
9/30/13 12:32,5874.669,31,5801.202
9/30/13 12:33,5812.851,34,5874.669
9/30/13 12:34,5792.986,33,5812.851
9/30/13 12:35,5793.555,33,5792.986
9/30/13 12:36,5742.091,35,5793.555
9/30/13 12:37,5754.309,34,5742.091
9/30/13 12:38,5736.382,34,5754.309
9/30/13 12:39,5763.42,34,5736.382
9/30/13 12:40,5671.635,30,5763.42
9/30/13 12:41,5729.851,32,5671.635
9/30/13 12:42,5747.104,33,5729.851
9/30/13 12:43,5695.608,35,5747.104
9/30/13 12:44,5688.319,31,5695.608
9/30/13 12:45,5652.286,31,5688.319
9/30/13 12:46,5253.169,34,5652.286
9/30/13 12:47,5153.116,32,5253.169
9/30/13 12:48,5124.361,30,5153.116
9/30/13 12:49,4983.25,35,5124.361
9/30/13 12:50,5133.82,35,4983.25
9/30/13 12:51,5116.556,34,5133.82
9/30/13 12:52,5223.213,32,5116.556
9/30/13 12:53,5177.416,32,5223.213
9/30/13 12:54,5209.089,30,5177.416
9/30/13 12:55,5153.084,33,5209.089
9/30/13 12:56,5157.961,33,5153.084
9/30/13 12:57,5232.767,31,5157.961
9/30/13 12:58,5178.491,30,5232.767
9/30/13 12:59,5181.566,31,5178.491
9/30/13 13:00,5132.682,35,5181.566
9/30/13 13:01,5163.955,30,5132.682
9/30/13 13:02,5125.551,34,5163.955
9/30/13 13:03,5165.177,30,5125.551
9/30/13 13:04,5147.06,31,5165.177
9/30/13 13:05,5136.348,33,5147.06
9/30/13 13:06,5173.75,34,5136.348
9/30/13 13:07,5170.022,31,5173.75
9/30/13 13:08,5144.353,35,5170.022
9/30/13 13:09,5107.635,35,5144.353
9/30/13 13:10,5042.804,31,5107.635
9/30/13 13:11,5026.425,33,5042.804
9/30/13 13:12,5095.059,35,5026.425
9/30/13 13:13,5127.174,35,5095.059
9/30/13 13:14,5142.668,35,5127.174
9/30/13 13:15,5121.591,30,5142.668
9/30/13 13:16,5101.494,31,5121.591
9/30/13 13:17,5141.635,33,5101.494
9/30/13 13:18,5115.745,30,5141.635
9/30/13 13:19,5132.524,30,5115.745
9/30/13 13:20,5040.75,34,5132.524
9/30/13 13:21,5089.476,35,5040.75
9/30/13 13:22,5057.666,30,5089.476
9/30/13 13:23,5133.156,34,5057.666
9/30/13 13:24,5057.297,31,5133.156
9/30/13 13:25,5090.076,33,5057.297
9/30/13 13:26,5090.54,34,5090.076
9/30/13 13:27,5047.892,34,5090.54
9/30/13 13:28,5122.781,33,5047.892
9/30/13 13:29,5092.099,31,5122.781
9/30/13 13:30,4987.517,35,5092.099
9/30/13 13:31,5099.061,31,4987.517
9/30/13 13:32,5061.69,32,5099.061
9/30/13 13:33,5042.267,35,5061.69
9/30/13 13:34,5067.525,34,5042.267
9/30/13 13:35,5020.611,33,5067.525
9/30/13 13:36,5014.06,30,5020.611
9/30/13 13:37,4987.643,30,5014.06
9/30/13 13:38,4990.266,30,4987.643
9/30/13 13:39,4991.603,31,4990.266
9/30/13 13:40,4952.442,34,4991.603
9/30/13 13:41,4943.383,32,4952.442
9/30/13 13:42,5002.052,32,4943.383
9/30/13 13:43,4990.697,32,5002.052
9/30/13 13:44,4949.187,31,4990.697
9/30/13 13:45,4996.933,34,4949.187
9/30/13 13:46,4986.411,33,4996.933
9/30/13 13:47,4949.492,34,4986.411
9/30/13 13:48,4961.595,31,4949.492
9/30/13 13:49,4975.414,31,4961.595
9/30/13 13:50,4931.67,32,4975.414
9/30/13 13:51,4913.448,31,4931.67
9/30/13 13:52,4945.669,30,4913.448
9/30/13 13:53,4930.08,35,4945.669
9/30/13 13:54,4982.576,31,4930.08
9/30/13 13:55,5067.093,35,4982.576
9/30/13 13:56,5029.87,35,5067.093
9/30/13 13:57,4876.804,32,5029.87
9/30/13 13:58,4836.515,31,4876.804
9/30/13 13:59,4872.253,30,4836.515
9/30/13 14:00,4832.418,31,4872.253
9/30/13 14:01,4900.998,32,4832.418
9/30/13 14:02,4899.039,35,4900.998
9/30/13 14:03,4870.621,31,4899.039
9/30/13 14:04,4877.931,34,4870.621
9/30/13 14:05,4924.929,35,4877.931
9/30/13 14:06,4910.404,30,4924.929
9/30/13 14:07,4939.475,31,4910.404
9/30/13 14:08,4919.336,33,4939.475
9/30/13 14:09,4863.732,33,4919.336
9/30/13 14:10,4930.312,33,4863.732
9/30/13 14:11,4882.502,32,4930.312
9/30/13 14:12,4922.527,34,4882.502
9/30/13 14:13,4953.337,35,4922.527
9/30/13 14:14,4950.567,31,4953.337
9/30/13 14:15,4979.954,31,4950.567
9/30/13 14:16,4996.333,31,4979.954
9/30/13 14:17,4934.567,31,4996.333
9/30/13 14:18,4989.434,31,4934.567
9/30/13 14:19,4902.03,31,4989.434
9/30/13 14:20,4962.322,33,4902.03
9/30/13 14:21,4904.2,33,4962.322
9/30/13 14:22,4956.939,31,4904.2
9/30/13 14:23,4968.841,33,4956.939
9/30/13 14:24,5008.762,34,4968.841
9/30/13 14:25,5016.408,33,5008.762
9/30/13 14:26,5059.878,34,5016.408
9/30/13 14:27,5058.856,33,5059.878
9/30/13 14:28,5036.716,31,5058.856
9/30/13 14:29,5111.311,33,5036.716
9/30/13 14:30,5021.77,31,5111.311
9/30/13 14:31,5070.875,30,5021.77
9/30/13 14:32,5034.135,35,5070.875
9/30/13 14:33,5084.694,32,5034.135
9/30/13 14:34,5110.563,31,5084.694
9/30/13 14:35,5067.894,32,5110.563
9/30/13 14:36,5074.33,34,5067.894
9/30/13 14:37,5114.355,31,5074.33
9/30/13 14:38,5052.926,33,5114.355
9/30/13 14:39,5038.338,32,5052.926
9/30/13 14:40,5100.831,31,5038.338
9/30/13 14:41,5080.554,34,5100.831
9/30/13 14:42,5022.823,30,5080.554
9/30/13 14:43,5073.803,33,5022.823
9/30/13 14:44,5106.086,34,5073.803
9/30/13 14:45,5079.27,31,5106.086
9/30/13 14:46,5087.949,33,5079.27
9/30/13 14:47,5085.968,30,5087.949
9/30/13 14:48,5048.861,35,5085.968
9/30/13 14:49,5093.815,35,5048.861
9/30/13 14:50,5064.734,33,5093.815
9/30/13 14:51,5061.079,33,5064.734
9/30/13 14:52,5037.98,34,5061.079
9/30/13 14:53,5089.434,34,5037.98
9/30/13 14:54,5064.86,34,5089.434
9/30/13 14:55,5075.425,35,5064.86
9/30/13 14:56,5091.235,32,5075.425
9/30/13 14:57,5120.148,32,5091.235
9/30/13 14:58,5125.983,33,5120.148
9/30/13 14:59,5186.412,31,5125.983
9/30/13 15:00,5151.241,30,5186.412
9/30/13 15:01,5139.529,34,5151.241
9/30/13 15:02,5181.776,30,5139.529
9/30/13 15:03,5255.961,34,5181.776
9/30/13 15:04,5178.68,34,5255.961
9/30/13 15:05,5189.16,35,5178.68
9/30/13 15:06,5114.134,35,5189.16
9/30/13 15:07,5128.469,31,5114.134
9/30/13 15:08,5199.314,32,5128.469
9/30/13 15:09,5182.188,35,5199.314
9/30/13 15:10,5169.4,35,5182.188
9/30/13 15:11,5377.88,33,5169.4
9/30/13 15:12,5415.157,30,5377.88
9/30/13 15:13,5415.662,30,5415.157
9/30/13 15:14,5431.198,32,5415.662
9/30/13 15:15,5388.929,32,5431.198
9/30/13 15:16,5436.18,35,5388.929
9/30/13 15:17,5404.287,35,5436.18
9/30/13 15:18,5377.68,31,5404.287
9/30/13 15:19,5351.79,31,5377.68
9/30/13 15:20,5428.586,31,5351.79
9/30/13 15:21,5431.672,30,5428.586
9/30/13 15:22,5364.672,30,5431.672
9/30/13 15:23,5426.87,35,5364.672
9/30/13 15:24,5388.908,34,5426.87
9/30/13 15:25,5333.073,35,5388.908
9/30/13 15:26,5444.691,32,5333.073
9/30/13 15:27,5348.503,34,5444.691
9/30/13 15:28,5357.256,34,5348.503
9/30/13 15:29,5427.512,34,5357.256
9/30/13 15:30,5378.196,35,5427.512
9/30/13 15:31,5370.676,32,5378.196
9/30/13 15:32,5384.4,34,5370.676
9/30/13 15:33,5394.901,31,5384.4
9/30/13 15:34,5379.376,32,5394.901
9/30/13 15:35,5418.78,31,5379.376
9/30/13 15:36,5389.804,32,5418.78
9/30/13 15:37,5440.288,34,5389.804
9/30/13 15:38,5419.401,32,5440.288
9/30/13 15:39,5427.901,32,5419.401
9/30/13 15:40,5496.766,33,5427.901
9/30/13 15:41,5394.375,31,5496.766
9/30/13 15:42,5364.113,32,5394.375
9/30/13 15:43,5235.305,30,5364.113
9/30/13 15:44,5240.245,35,5235.305
9/30/13 15:45,5245.375,31,5240.245
9/30/13 15:46,5232.367,33,5245.375
9/30/13 15:47,5290.856,35,5232.367
9/30/13 15:48,5207.372,33,5290.856
9/30/13 15:49,5264.629,32,5207.372
9/30/13 15:50,5259.194,35,5264.629
9/30/13 15:51,5309.932,35,5259.194
9/30/13 15:52,5238.434,33,5309.932
9/30/13 15:54,5282.135,30,5238.434
9/30/13 15:55,5258.815,34,5282.135
9/30/13 15:56,5259.426,33,5258.815
9/30/13 15:57,5265.314,32,5259.426
9/30/13 15:58,5270.612,35,5265.314
9/30/13 15:59,5321.402,30,5270.612
9/30/13 16:00,5256.898,30,5321.402
9/30/13 16:01,5291.91,32,5256.898
9/30/13 16:02,5324.72,33,5291.91
9/30/13 16:03,5241.573,34,5324.72
9/30/13 16:04,5332.083,35,5241.573
9/30/13 16:05,5369.886,31,5332.083
9/30/13 16:06,5299.705,30,5369.886
9/30/13 16:07,5359.237,35,5299.705
9/30/13 16:08,5329.386,34,5359.237
9/30/13 16:09,5312.691,30,5329.386
9/30/13 16:10,5305.002,35,5312.691
9/30/13 16:11,5340.677,34,5305.002
9/30/13 16:12,5318.158,35,5340.677
9/30/13 16:13,5309.742,33,5318.158
9/30/13 16:14,5347.198,31,5309.742
9/30/13 16:15,5330.545,32,5347.198
9/30/13 16:16,5275.931,34,5330.545
9/30/13 16:17,5313.734,31,5275.931
9/30/13 16:18,5335.222,35,5313.734
9/30/13 16:19,5242.036,33,5335.222
9/30/13 16:20,5299.546,32,5242.036
9/30/13 16:21,5376.659,32,5299.546
9/30/13 16:22,5381.008,31,5376.659
9/30/13 16:23,5317.336,34,5381.008
9/30/13 16:24,5811.524,30,5317.336
9/30/13 16:25,5904.962,35,5811.524
9/30/13 16:26,5792.133,35,5904.962
9/30/13 16:27,5741.28,35,5792.133
9/30/13 16:28,5677.439,32,5741.28
9/30/13 16:29,5699.189,34,5677.439
9/30/13 16:30,5693.66,34,5699.189
9/30/13 16:31,5698.136,35,5693.66
9/30/13 16:32,5725.027,32,5698.136
9/30/13 16:33,5690.374,31,5725.027
9/30/13 16:34,5685.307,31,5690.374
9/30/13 16:35,5694.629,31,5685.307
9/30/13 16:36,5672.088,34,5694.629
9/30/13 16:37,5688.836,30,5672.088
9/30/13 16:38,5686.129,35,5688.836
9/30/13 16:39,5670.593,30,5686.129
9/30/13 16:40,5700.021,31,5670.593
9/30/13 16:41,5700.316,33,5700.021
9/30/13 16:42,5804.825,31,5700.316
9/30/13 16:43,5772.626,33,5804.825
9/30/13 16:44,5752.065,32,5772.626
9/30/13 16:45,5764.42,34,5752.065
9/30/13 16:46,5773.037,32,5764.42
9/30/13 16:47,5709.123,35,5773.037
9/30/13 16:48,5633.622,32,5709.123
9/30/13 16:49,5624.026,33,5633.622
9/30/13 16:50,5588.751,34,5624.026
9/30/13 16:51,5626.522,33,5588.751
9/30/13 16:52,5655.92,34,5626.522
9/30/13 16:53,5595.039,34,5655.92
9/30/13 16:54,5608.922,30,5595.039
9/30/13 16:55,5603.529,33,5608.922
9/30/13 16:56,5603.245,33,5603.529
9/30/13 16:57,5656.626,35,5603.245
9/30/13 16:58,5599.21,33,5656.626
9/30/13 16:59,5613.662,32,5599.21
9/30/13 17:00,5640.605,33,5613.662
9/30/13 17:01,5644.133,30,5640.605
9/30/13 17:02,5709.723,32,5644.133
9/30/13 17:03,5700.97,35,5709.723
9/30/13 17:04,5639.994,33,5700.97
9/30/13 17:05,5697.157,31,5639.994
9/30/13 17:06,5666.706,34,5697.157
9/30/13 17:07,5650.506,31,5666.706
9/30/13 17:08,5705.752,34,5650.506
9/30/13 17:09,5646.356,30,5705.752
9/30/13 17:10,5695.977,35,5646.356
9/30/13 17:11,5657.806,32,5695.977
9/30/13 17:12,5663.062,31,5657.806
9/30/13 17:13,5668.307,32,5663.062
9/30/13 17:14,5648.515,35,5668.307
9/30/13 17:15,5648.336,34,5648.515
9/30/13 17:16,5720.308,34,5648.336
9/30/13 17:17,5656.004,33,5720.308
9/30/13 17:18,5632.378,33,5656.004
9/30/13 17:19,5610.459,30,5632.378
9/30/13 17:20,5697.441,32,5610.459
9/30/13 17:21,5642.312,34,5697.441
9/30/13 17:22,5625.153,35,5642.312
9/30/13 17:23,5604.266,33,5625.153
9/30/13 17:24,5627.091,32,5604.266
9/30/13 17:25,5616.084,32,5627.091
9/30/13 17:26,5605.625,32,5616.084
9/30/13 17:27,5613.967,32,5605.625
9/30/13 17:28,5612.219,30,5613.967
9/30/13 17:29,5836.34,34,5612.219
9/30/13 17:30,5927.988,31,5836.34
9/30/13 17:31,5975.218,33,5927.988
9/30/13 17:32,5947.706,33,5975.218
9/30/13 17:33,5923.595,30,5947.706
9/30/13 17:34,5920.214,32,5923.595
9/30/13 17:35,5913.315,35,5920.214
9/30/13 17:36,5821.331,32,5913.315
9/30/13 17:37,5847.263,31,5821.331
9/30/13 17:38,5968.055,35,5847.263
9/30/13 17:39,5873.184,33,5968.055
9/30/13 17:40,5858.744,33,5873.184
9/30/13 17:41,5816.97,33,5858.744
9/30/13 17:42,5951.687,31,5816.97
9/30/13 17:43,5893.187,32,5951.687
9/30/13 17:44,5879.536,32,5893.187
9/30/13 17:45,5872.173,35,5879.536
9/30/13 17:46,5952.508,35,5872.173
9/30/13 17:47,5899.328,32,5952.508
9/30/13 17:48,5891.775,32,5899.328
9/30/13 17:49,5903.846,33,5891.775
9/30/13 17:50,5903.604,32,5903.846
9/30/13 17:51,5863.188,34,5903.604
9/30/13 17:52,5954.426,31,5863.188
9/30/13 17:53,5892.502,30,5954.426
9/30/13 17:54,5963.547,33,5892.502
9/30/13 17:55,5914.727,30,5963.547
9/30/13 17:56,5972.711,31,5914.727
9/30/13 17:57,5930.021,35,5972.711
9/30/13 17:58,6009.418,30,5930.021
9/30/13 17:59,5957.322,35,6009.418
9/30/13 18:00,5963.41,32,5957.322
9/30/13 18:01,5934.034,33,5963.41
9/30/13 18:02,5934.255,31,5934.034
9/30/13 18:03,5910.64,34,5934.255
9/30/13 18:04,5933.244,33,5910.64
9/30/13 18:05,5890.711,33,5933.244
9/30/13 18:06,5877.008,30,5890.711
9/30/13 18:07,5833.464,31,5877.008
9/30/13 18:08,5877.187,32,5833.464
9/30/13 18:09,5909.639,32,5877.187
9/30/13 18:10,5864.105,34,5909.639
9/30/13 18:11,5860.924,32,5864.105
9/30/13 18:12,5851.16,32,5860.924
9/30/13 18:13,5936.014,31,5851.16
9/30/13 18:14,5862.504,33,5936.014
9/30/13 18:15,5922.289,30,5862.504
9/30/13 18:16,5934.803,30,5922.289
9/30/13 18:17,5926.998,31,5934.803
9/30/13 18:18,5880.631,35,5926.998
9/30/13 18:19,5845.093,33,5880.631
9/30/13 18:20,5861.851,33,5845.093
9/30/13 18:21,5850.581,31,5861.851
9/30/13 18:22,5869.424,35,5850.581
9/30/13 18:23,5913.842,35,5869.424
9/30/13 18:24,5856.542,30,5913.842
9/30/13 18:25,5806.595,33,5856.542
9/30/13 18:26,5854.762,35,5806.595
9/30/13 18:27,5833.675,30,5854.762
9/30/13 18:28,5832.316,35,5833.675
9/30/13 18:29,5815.779,30,5832.316
9/30/13 18:30,5873.448,33,5815.779
9/30/13 18:31,5905.058,34,5873.448
9/30/13 18:32,5881.348,30,5905.058
9/30/13 18:33,5897.147,33,5881.348
9/30/13 18:34,5901.444,34,5897.147
9/30/13 18:35,5835.529,34,5901.444
9/30/13 18:36,5886.172,31,5835.529
9/30/13 18:37,5871.836,34,5886.172
9/30/13 18:38,5844.082,31,5871.836
9/30/13 18:39,5807.142,31,5844.082
9/30/13 18:40,5850.043,30,5807.142
9/30/13 18:41,5812.809,32,5850.043
9/30/13 18:42,5828.956,34,5812.809
9/30/13 18:43,5822.321,33,5828.956
9/30/13 18:44,5800.285,33,5822.321
9/30/13 18:45,5848.811,32,5800.285
9/30/13 18:46,5866.127,34,5848.811
9/30/13 18:47,5865.958,32,5866.127
9/30/13 18:48,5818.655,30,5865.958
9/30/13 18:49,5790.879,33,5818.655
9/30/13 18:50,5796.125,31,5790.879
9/30/13 18:51,5807.701,34,5796.125
9/30/13 18:52,5794.208,32,5807.701
9/30/13 18:53,5757.753,32,5794.208
9/30/13 18:54,5774.406,32,5757.753
9/30/13 18:55,5831.874,32,5774.406
9/30/13 18:56,5784.676,35,5831.874
9/30/13 18:57,5833.106,31,5784.676
9/30/13 18:58,5767.844,31,5833.106
9/30/13 18:59,5795.503,32,5767.844
9/30/13 19:00,5784.254,30,5795.503
9/30/13 19:01,5767.443,30,5784.254
9/30/13 19:02,5785.265,32,5767.443
9/30/13 19:03,5719.223,31,5785.265
9/30/13 19:04,5690.142,34,5719.223
9/30/13 19:05,5679.883,33,5690.142
9/30/13 19:06,5693.238,32,5679.883
9/30/13 19:07,5741.458,33,5693.238
9/30/13 19:08,5680.136,31,5741.458
9/30/13 19:09,5755.088,34,5680.136
9/30/13 19:10,5757.553,35,5755.088
9/30/13 19:11,5714.842,33,5757.553
9/30/13 19:12,5738.941,31,5714.842
9/30/13 19:13,5742.691,34,5738.941
9/30/13 19:14,5767.223,35,5742.691
9/30/13 19:15,5760.049,30,5767.223
9/30/13 19:16,5741.259,30,5760.049
9/30/13 19:17,5761.713,31,5741.259
9/30/13 19:18,5736.414,31,5761.713
9/30/13 19:19,5679.367,32,5736.414
9/30/13 19:20,5673.142,32,5679.367
9/30/13 19:21,5638.024,34,5673.142
9/30/13 19:22,5647.051,35,5638.024
9/30/13 19:23,5747.389,30,5647.051
9/30/13 19:24,5645.218,31,5747.389
9/30/13 19:25,5642.943,30,5645.218
9/30/13 19:26,5665.737,35,5642.943
9/30/13 19:27,5633.611,33,5665.737
9/30/13 19:28,5628.018,34,5633.611
9/30/13 19:29,5637.182,32,5628.018
9/30/13 19:30,5655.825,32,5637.182
9/30/13 19:31,5711.25,35,5655.825
9/30/13 19:32,5654.677,31,5711.25
9/30/13 19:33,5663.272,35,5654.677
9/30/13 19:34,5751.813,35,5663.272
9/30/13 19:35,5696.988,33,5751.813
9/30/13 19:36,5688.383,34,5696.988
9/30/13 19:37,5649.042,33,5688.383
9/30/13 19:38,5685.633,33,5649.042
9/30/13 19:39,5611.976,30,5685.633
9/30/13 19:40,5626.87,33,5611.976
9/30/13 19:41,5721.856,31,5626.87
9/30/13 19:42,5655.246,35,5721.856
9/30/13 19:43,5656.225,31,5655.246
9/30/13 19:44,5662.809,31,5656.225
9/30/13 19:45,5651.517,31,5662.809
9/30/13 19:46,5626.101,30,5651.517
9/30/13 19:47,5658.5,31,5626.101
9/30/13 19:48,5551.865,30,5658.5
9/30/13 19:49,5622.373,34,5551.865
9/30/13 19:50,5687.161,30,5622.373
9/30/13 19:51,5632.79,35,5687.161
9/30/13 19:52,5613.767,31,5632.79
9/30/13 19:53,5620.519,35,5613.767
9/30/13 19:54,5639.72,34,5620.519
9/30/13 19:55,5623.868,35,5639.72
9/30/13 19:56,5640.637,35,5623.868
9/30/13 19:57,5620.771,35,5640.637
9/30/13 19:58,5722.373,31,5620.771
9/30/13 19:59,5693.723,33,5722.373
9/30/13 20:00,5625.08,32,5693.723
9/30/13 20:01,5722.51,34,5625.08
9/30/13 20:02,5688.614,34,5722.51
9/30/13 20:03,5690.173,34,5688.614
9/30/13 20:04,5682.853,35,5690.173
9/30/13 20:05,5579.261,35,5682.853
9/30/13 20:06,5600.917,30,5579.261
9/30/13 20:07,5628.208,32,5600.917
9/30/13 20:08,5593.618,31,5628.208
9/30/13 20:09,5595.556,35,5593.618
9/30/13 20:10,5627.808,33,5595.556
9/30/13 20:11,5550.442,35,5627.808
9/30/13 20:12,5607.173,35,5550.442
9/30/13 20:13,5615.547,33,5607.173
9/30/13 20:14,5602.739,31,5615.547
9/30/13 20:15,5617.632,33,5602.739
9/30/13 20:16,5657.374,33,5617.632
9/30/13 20:17,5569.118,34,5657.374
9/30/13 20:18,5646.135,31,5569.118
9/30/13 20:19,5621.751,34,5646.135
9/30/13 20:20,5646.819,30,5621.751
9/30/13 20:21,5632.863,32,5646.819
9/30/13 20:22,5679.008,35,5632.863
9/30/13 20:23,5675.259,32,5679.008
9/30/13 20:24,5710.534,33,5675.259
9/30/13 20:25,5645.977,30,5710.534
9/30/13 20:26,5687.372,30,5645.977
9/30/13 20:27,5699.411,32,5687.372
9/30/13 20:28,5664.589,30,5699.411
9/30/13 20:29,5672.868,35,5664.589
9/30/13 20:30,5709.228,35,5672.868
9/30/13 20:31,5720.045,31,5709.228
9/30/13 20:32,5801.349,31,5720.045
9/30/13 20:33,5735.329,31,5801.349
9/30/13 20:34,5727.281,35,5735.329
9/30/13 20:35,5720.804,35,5727.281
9/30/13 20:36,5760.734,30,5720.804
9/30/13 20:37,5764.958,34,5760.734
9/30/13 20:38,5681.01,32,5764.958
9/30/13 20:39,5610.818,31,5681.01
9/30/13 20:40,5653.508,31,5610.818
9/30/13 20:41,5672.004,30,5653.508
9/30/13 20:42,5714.063,30,5672.004
9/30/13 20:43,5723.1,31,5714.063
9/30/13 20:44,5710.196,31,5723.1
9/30/13 20:45,5731.989,33,5710.196
9/30/13 20:46,5672.194,35,5731.989
9/30/13 20:47,5660.144,35,5672.194
9/30/13 20:48,5667.454,33,5660.144
9/30/13 20:49,5655.846,34,5667.454
9/30/13 20:50,5630.556,33,5655.846
9/30/13 20:51,5688.193,32,5630.556
9/30/13 20:52,5693.839,35,5688.193
9/30/13 20:53,5743.502,34,5693.839
9/30/13 20:54,5662.187,34,5743.502
9/30/13 20:55,5775.933,32,5662.187
9/30/13 20:56,5694.387,30,5775.933
9/30/13 20:57,5702.055,31,5694.387
9/30/13 20:58,5710.25,32,5702.055
9/30/13 20:59,5724.216,32,5710.25
9/30/13 21:00,5710.734,35,5724.216
9/30/13 21:01,5733.654,33,5710.734
9/30/13 21:02,5788.394,32,5733.654
9/30/13 21:03,5747.115,30,5788.394
9/30/13 21:04,5776.565,33,5747.115
9/30/13 21:05,5751.012,35,5776.565
9/30/13 21:06,5775.006,34,5751.012
9/30/13 21:07,5718.054,30,5775.006
9/30/13 21:08,5677.797,35,5718.054
9/30/13 21:09,5685.602,30,5677.797
9/30/13 21:10,5768.739,34,5685.602
9/30/13 21:11,5717.907,30,5768.739
9/30/13 21:12,5752.645,34,5717.907
9/30/13 21:13,5758.88,35,5752.645
9/30/13 21:14,5729.346,31,5758.88
9/30/13 21:15,5682.631,33,5729.346
9/30/13 21:16,5692.333,35,5682.631
9/30/13 21:17,5727.608,35,5692.333
9/30/13 21:18,5725.648,35,5727.608
9/30/13 21:19,5700.601,33,5725.648
9/30/13 21:20,5688.583,34,5700.601
9/30/13 21:21,5646.883,31,5688.583
9/30/13 21:22,5681.757,33,5646.883
9/30/13 21:23,5606.236,35,5681.757
9/30/13 21:24,5638.509,32,5606.236
9/30/13 21:25,5594.133,33,5638.509
9/30/13 21:26,5665.021,31,5594.133
9/30/13 21:27,5636.371,33,5665.021
9/30/13 21:28,5613.451,35,5636.371
9/30/13 21:29,5639.931,31,5613.451
9/30/13 21:30,5598.895,31,5639.931
9/30/13 21:31,5604.477,32,5598.895
9/30/13 21:32,5596.641,31,5604.477
9/30/13 21:33,5660.923,30,5596.641
9/30/13 21:34,5610.144,34,5660.923
9/30/13 21:35,5595.081,33,5610.144
9/30/13 21:36,5597.293,34,5595.081
9/30/13 21:37,5553.128,31,5597.293
9/30/13 21:38,5243.595,32,5553.128
9/30/13 21:39,5042.004,31,5243.595
9/30/13 21:40,4981.639,34,5042.004
9/30/13 21:41,5061.89,35,4981.639
9/30/13 21:42,5226.1,33,5061.89
9/30/13 21:43,5144.005,30,5226.1
9/30/13 21:44,5141.541,30,5144.005
9/30/13 21:45,5130.028,30,5141.541
9/30/13 21:46,5103.833,35,5130.028
9/30/13 21:47,5144.627,30,5103.833
9/30/13 21:48,5096.955,33,5144.627
9/30/13 21:49,5155.444,32,5096.955
9/30/13 21:50,5143.679,31,5155.444
9/30/13 21:51,5097.471,32,5143.679
9/30/13 21:52,5071.307,30,5097.471
9/30/13 21:53,5123.613,34,5071.307
9/30/13 21:54,5104.201,35,5123.613
9/30/13 21:55,5095.943,32,5104.201
9/30/13 21:56,5146.565,34,5095.943
9/30/13 21:57,5072.423,33,5146.565
9/30/13 21:58,5092.025,33,5072.423
9/30/13 21:59,5067.81,30,5092.025
9/30/13 22:00,5094.521,35,5067.81
9/30/13 22:01,5129.754,35,5094.521
9/30/13 22:02,5070.137,30,5129.754
9/30/13 22:03,5063.175,31,5070.137
9/30/13 22:04,5099.714,31,5063.175
9/30/13 22:05,5053.168,34,5099.714
9/30/13 22:06,5078.774,32,5053.168
9/30/13 22:07,4991.835,31,5078.774
9/30/13 22:08,5017.493,30,4991.835
9/30/13 22:09,4948.976,32,5017.493
9/30/13 22:10,4989.549,34,4948.976
9/30/13 22:11,4950.208,32,4989.549
9/30/13 22:12,5036.884,32,4950.208
9/30/13 22:13,5003.011,32,5036.884
9/30/13 22:14,4911.332,33,5003.011
9/30/13 22:15,4857.96,32,4911.332
9/30/13 22:16,4910.32,31,4857.96
9/30/13 22:17,4955.022,35,4910.32
9/30/13 22:18,4908.045,35,4955.022
9/30/13 22:19,4932.397,35,4908.045
9/30/13 22:20,4972.781,31,4932.397
9/30/13 22:21,4907.781,33,4972.781
9/30/13 22:22,4880.28,31,4907.781
9/30/13 22:23,4931.85,30,4880.28
9/30/13 22:24,4897.449,31,4931.85
9/30/13 22:25,4938.169,33,4897.449
9/30/13 22:26,4950.967,35,4938.169
9/30/13 22:27,4648.27,31,4950.967
9/30/13 22:28,4595.646,35,4648.27
9/30/13 22:29,4583.491,35,4595.646
9/30/13 22:30,4603.473,35,4583.491
9/30/13 22:31,4566.691,33,4603.473
9/30/13 22:32,4593.582,32,4566.691
9/30/13 22:33,4615.312,35,4593.582
9/30/13 22:34,4636.472,33,4615.312
9/30/13 22:35,4526.234,35,4636.472
9/30/13 22:36,4555.315,32,4526.234
9/30/13 22:37,4553.841,30,4555.315
9/30/13 22:38,4507.727,31,4553.841
9/30/13 22:39,4555.895,32,4507.727
9/30/13 22:40,4519.493,35,4555.895
9/30/13 22:41,4480.794,32,4519.493
9/30/13 22:42,4558.749,30,4480.794
9/30/13 22:43,4535.65,30,4558.749
9/30/13 22:44,4497.921,30,4535.65
9/30/13 22:45,4526.866,30,4497.921
9/30/13 22:46,4473.4,34,4526.866
9/30/13 22:47,4506.6,30,4473.4
9/30/13 22:48,4463.531,33,4506.6
9/30/13 22:49,4418.229,32,4463.531
9/30/13 22:50,4399.554,30,4418.229
9/30/13 22:51,4392.349,30,4399.554
9/30/13 22:52,4376.275,31,4392.349
9/30/13 22:53,4420.082,32,4376.275
9/30/13 22:54,4354.419,34,4420.082
9/30/13 22:55,4310.644,32,4354.419
9/30/13 22:56,4363.562,35,4310.644
9/30/13 22:57,4302.365,35,4363.562
9/30/13 22:58,4343.992,33,4302.365
9/30/13 22:59,4312.182,31,4343.992
9/30/13 23:00,4331.173,34,4312.182
9/30/13 23:01,4362.003,34,4331.173
9/30/13 23:02,4356.853,34,4362.003
9/30/13 23:03,4339.041,34,4356.853
9/30/13 23:04,4313.141,30,4339.041
9/30/13 23:05,4312.656,32,4313.141
9/30/13 23:06,4379.646,34,4312.656
9/30/13 23:07,4426.729,33,4379.646
9/30/13 23:08,4452.313,31,4426.729
9/30/13 23:09,4418.692,31,4452.313
9/30/13 23:10,4426.602,34,4418.692
9/30/13 23:11,4388.831,33,4426.602
9/30/13 23:12,4366.543,30,4388.831
9/30/13 23:13,4369.418,34,4366.543
9/30/13 23:14,4313.92,32,4369.418
9/30/13 23:15,4306.283,35,4313.92
9/30/13 23:16,4314.394,33,4306.283
9/30/13 23:17,4324.906,34,4314.394
9/30/13 23:18,4320.945,33,4324.906
9/30/13 23:19,4316.543,34,4320.945
9/30/13 23:20,4202.765,30,4316.543
9/30/13 23:21,4207.01,32,4202.765
9/30/13 23:22,4189.188,33,4207.01
9/30/13 23:23,4135.428,35,4189.188
9/30/13 23:24,4169.344,33,4135.428
9/30/13 23:25,4182.668,32,4169.344
9/30/13 23:26,4114.804,35,4182.668
9/30/13 23:27,4064.509,30,4114.804
9/30/13 23:28,3740.682,35,4064.509
9/30/13 23:29,3637.048,31,3740.682
9/30/13 23:30,3680.655,32,3637.048
9/30/13 23:31,3710.231,31,3680.655
9/30/13 23:32,3729.517,33,3710.231
9/30/13 23:33,3696.865,30,3729.517
9/30/13 23:34,3713.591,31,3696.865
9/30/13 23:35,3696.022,31,3713.591
9/30/13 23:36,3703.522,30,3696.022
9/30/13 23:37,3680.739,34,3703.522
9/30/13 23:38,3688.754,34,3680.739
9/30/13 23:39,3648.287,35,3688.754
9/30/13 23:40,3659.178,32,3648.287
9/30/13 23:41,3588.249,32,3659.178
9/30/13 23:42,3550.982,33,3588.249
9/30/13 23:43,3580.222,31,3550.982
9/30/13 23:44,3522.491,32,3580.222
9/30/13 23:45,3561.579,34,3522.491
9/30/13 23:46,3579.011,33,3561.579
9/30/13 23:47,3500.098,30,3579.011
9/30/13 23:48,3547.001,31,3500.098
9/30/13 23:49,3526.609,31,3547.001
9/30/13 23:50,3510.641,30,3526.609
9/30/13 23:51,3443.715,33,3510.641
9/30/13 23:52,3477.136,35,3443.715
9/30/13 23:53,3422.354,34,3477.136
9/30/13 23:54,3457.113,32,3422.354
9/30/13 23:55,3381.106,32,3457.113
9/30/13 23:56,3395.505,35,3381.106
9/30/13 23:57,3316.876,35,3395.505
9/30/13 23:58,3312.02,30,3316.876
9/30/13 23:59,3347.727,35,3312.02
